"sample_id","received_unix_ms","heart_rate_bpm","rr_intervals_ms"
"29","1789980392279","80","756,691"
"30","1789980392284","80","756,691"
"31","1789980393239","81","673"
"32","1789980393241","81","673"
"33","1789980394214","82","652,646"
"34","1789980394220","82","652,646"
"35","1789980395647","85","634,633"
"36","1789980395655","85","634,633"
"37","1789980396606","89","631,783,439"
"38","1789980396630","89","631,783,439"
"39","1789980397568","91","356,295"
"40","1789980397579","91","356,295"
"41","1789980399007","91",""
"42","1789980399015","91",""
"43","1789980399479","91",""
"44","1789980399484","91",""
"45","1789980400447","91",""
"46","1789980400456","91",""
"47","1789980401446","91",""
"48","1789980401452","91",""
"49","1789980402215","92","688"
"50","1789980402224","92","688"
"51","1789980403219","93","4279,535"
"52","1789980403226","93","4279,535"
"53","1789980404220","94","538,533"
"54","1789980404227","94","538,533"
"55","1789980405212","94","534,531"
"56","1789980405220","94","534,531"
"57","1789980406203","99","528,531"
"58","1789980406210","99","528,531"
"59","1789980407253","104","524,523"
"60","1789980407260","104","524,523"
"61","1789980408214","106","519"
"62","1789980408223","106","519"
"63","1789980409203","109","518,516"
"64","1789980409211","109","518,516"
"65","1789980410224","112","509,512"
"66","1789980410231","112","509,512"
"67","1789980411227","114","511,517"
"68","1789980411230","114","511,517"
"69","1789980412229","115","509,502"
"70","1789980412230","115","509,502"
"71","1789980413222","117","501,496"
"72","1789980413230","117","501,496"
"73","1789980414211","118","501,496,499"
"74","1789980414218","118","501,496,499"
"75","1789980415204","119","496"
"76","1789980415212","119","496"
"77","1789980416223","120","497,492,491"
"78","1789980416231","120","497,492,491"
"79","1789980417208","120","488"
"80","1789980417211","120","488"
"81","1789980418206","122","485,489,486"
"82","1789980418214","122","485,489,486"
"83","1789980419254","122","483,490"
"84","1789980419262","122","483,490"
"85","1789980420212","123","486,485"
"86","1789980420216","123","486,485"
"87","1789980421214","123","482,482"
"88","1789980421218","123","482,482"
"89","1789980422224","124","478,473"
"90","1789980422229","124","478,473"
"91","1789980423214","125","477,477"
"92","1789980423221","125","477,477"
"93","1789980424247","125","475,478"
"94","1789980424250","125","475,478"
"95","1789980425220","125","476,472"
"96","1789980425228","125","476,472"
"97","1789980426212","126","472,468"
"98","1789980426219","126","472,468"
"99","1789980427202","127","470,463,465"
"100","1789980427209","127","470,463,465"
"101","1789980428224","128","472,461"
"102","1789980428231","128","472,461"
"103","1789980429216","128","469,464"
"104","1789980429223","128","469,464"
"105","1789980430201","128","464,462"
"106","1789980430208","128","464,462"
"107","1789980431225","129","458,459"
"108","1789980431232","129","458,459"
"109","1789980432216","130","459,460"
"110","1789980432224","130","459,460"
"111","1789980433204","130","464,466,464"
"112","1789980433211","130","464,466,464"
"113","1789980434223","130","466,471"
"114","1789980434230","130","466,471"
"115","1789980435213","129","464"
"116","1789980435220","129","464"
"117","1789980436234","129","471,946"
"118","1789980436241","129","471,946"
"119","1789980437253","128","465,467"
"120","1789980437260","128","465,467"
"121","1789980438217","128","468,464"
"122","1789980438225","128","468,464"
"123","1789980439202","129","465,469"
"124","1789980439209","129","465,469"
"125","1789980440222","128","472,485"
"126","1789980440229","128","472,485"
"127","1789980441217","127","493,502"
"128","1789980441224","127","493,502"
"129","1789980442203","124","509,523"
"130","1789980442210","124","509,523"
"131","1789980443224","121","529,534"
"132","1789980443231","121","529,534"
"133","1789980444220","118","533,535"
"134","1789980444225","118","533,535"
"135","1789980445203","116","543,538"
"136","1789980445210","116","543,538"
"137","1789980446224","114","533,529"
"138","1789980446230","114","533,529"
"139","1789980447208","114","525"
"140","1789980447211","114","525"
"141","1789980448204","114","524,526"
"142","1789980448211","114","524,526"
"143","1789980449223","114","536,544"
"144","1789980449229","114","536,544"
"145","1789980450213","112","553,555"
"146","1789980450221","112","553,555"
"147","1789980451205","111","555,556"
"148","1789980451212","111","555,556"
"149","1789980452256","110","559"
"150","1789980452263","110","559"
"151","1789980453212","109","556,556"
"152","1789980453218","109","556,556"
"153","1789980454204","109","556,570"
"154","1789980454212","109","556,570"
"155","1789980455225","108","610"
"156","1789980455233","108","610"
"157","1789980456214","105","612,615"
"158","1789980456220","105","612,615"
"159","1789980457262","102","627,630"
"160","1789980457266","102","627,630"
"161","1789980458284","101","627"
"162","1789980458290","101","627"
"163","1789980459210","99","626,613"
"164","1789980459213","99","626,613"
"165","1789980460201","99","614"
"166","1789980460208","99","614"
"167","1789980461227","98","614,615"
"168","1789980461235","98","614,615"
"169","1789980462207","98","618,611"
"170","1789980462212","98","618,611"
"171","1789980463201","98","622"
"172","1789980463207","98","622"
"173","1789980464225","97","629,633"
"174","1789980464233","97","629,633"
"175","1789980465214","97","637"
"176","1789980465221","97","637"
"177","1789980466234","96","646,650"
"178","1789980466241","96","646,650"
"179","1789980467223","95","656"
"180","1789980467229","95","656"
"181","1789980468215","94","638,624"
"182","1789980468222","94","638,624"
"183","1789980469202","95","617,615"
"184","1789980469208","95","617,615"
"185","1789980470251","95","607"
"186","1789980470258","95","607"
"187","1789980471218","96","619,638"
"188","1789980471225","96","619,638"
"189","1789980472203","96","646"
"190","1789980472209","96","646"
"191","1789980473224","95","638,623"
"192","1789980473230","95","638,623"
"193","1789980474215","95","624,636"
"194","1789980474222","95","624,636"
"195","1789980475206","95","649"
"196","1789980475213","95","649"
"197","1789980476223","95","653,652"
"198","1789980476230","95","653,652"
"199","1789980477242","94","646"
"200","1789980477249","94","646"
"201","1789980478203","94","651,658"
"202","1789980478209","94","651,658"
"203","1789980479224","93","677"
"204","1789980479231","93","677"
"205","1789980480208","93","696"
"206","1789980480211","93","696"
"207","1789980481205","91","687,681"
"208","1789980481212","91","687,681"
